,Unnamed: 0,time,position,speed,acceleration,elastic_energy
0,0,0.0041666666666666,0.075,,,3.2891298764535177
1,5,0.0249999999999999,0.075,0.0,,3.2891298764535177
2,10,0.0458333333333333,0.077,0.0959999999999997,4.607999999999974,3.2054595212345456
3,15,0.0666666666666666,0.083,0.2880000000000008,9.216000000000069,2.961394913599235
4,20,0.0875,0.0956666666666666,0.6079999999999944,15.359999999999646,2.4802525068514796
5,25,0.1083333333333333,0.1156666666666666,0.9600000000000016,16.89600000000037,1.8140881961976596
6,30,0.1291666666666666,0.1456666666666666,1.4400000000000028,23.04000000000009,1.0259039137393655
7,35,0.15,0.1696666666666666,1.151999999999996,-13.82400000000028,0.5717771373100238
