,Unnamed: 0.1,Unnamed: 0,time,position,speed,acceleration,elastic_energy,kinetic_energy
0,0,0,0.0041666666666666,0.075,,,3.2891298764535177,
1,1,5,0.0249999999999999,0.075,0.0,,3.2891298764535177,0.0
2,2,10,0.0458333333333333,0.077,0.0959999999999997,4.607999999999974,3.2054595212345456,0.0013086719999999916
3,3,15,0.0666666666666666,0.083,0.2880000000000008,9.216000000000069,2.961394913599235,0.011778048000000065
4,4,20,0.0875,0.0956666666666666,0.6079999999999944,15.359999999999646,2.48025250685148,0.052492287999999034
5,5,25,0.1083333333333333,0.1156666666666666,0.9600000000000016,16.89600000000037,1.81408819619766,0.13086720000000043
6,6,30,0.1291666666666666,0.1456666666666666,1.4400000000000028,23.04000000000009,1.0259039137393655,0.29445120000000113
7,7,35,0.15,0.1696666666666666,1.151999999999996,-13.82400000000028,0.5717771373100238,0.18844876799999863
