,time,position,speed,acceleration
0,0.0041666666666666,0.075,,
5,0.0249999999999999,0.075,0.0,
10,0.0458333333333333,0.077,0.09599999999999977,4.607999999999974
15,0.0666666666666666,0.083,0.2880000000000008,9.216000000000069
20,0.0875,0.0956666666666666,0.6079999999999944,15.359999999999646
25,0.1083333333333333,0.1156666666666666,0.9600000000000016,16.89600000000037
30,0.1291666666666666,0.1456666666666666,1.4400000000000028,23.040000000000095
35,0.15,0.1696666666666666,1.1519999999999961,-13.824000000000279
