,Unnamed: 0.3,Unnamed: 0.2,Unnamed: 0.1,Unnamed: 0,time,position,speed,acceleration,elastic_energy,kinetic_energy
0,0,0,0,0,0.0541666666666666,0.149,1.0666666666666715,21.33333333333367,0.411314746420062,0.1615644444444459
1,1,1,1,3,0.0666666666666666,0.1643333333333333,1.226666666666665,12.799999999999482,0.2844800313344813,0.21366897777777719
2,2,2,2,6,0.0791666666666666,0.182,1.4133333333333356,14.933333333333646,0.1709987066409978,0.28364657777777863
3,3,3,3,9,0.0916666666666666,0.2003333333333333,1.4666666666666637,4.266666666666247,0.0878815287709112,0.3054577777777765
4,4,4,4,12,0.1041666666666666,0.2193333333333333,1.5199999999999996,4.266666666666873,0.034874692336,0.3280767999999998
