Unnamed: 0.3,Unnamed: 0.2,Unnamed: 0.1,Unnamed: 0,time,position,speed,acceleration,elastic_energy,kinetic_energy
0,0,0,0,0.0041666666666666,0.115,,,1.8344621367116245,
1,1,1,3,0.0166666666666666,0.1183333333333333,0.2666666666666639,,1.7338476643494398,0.0100977777777775
2,2,2,6,0.0291666666666666,0.1256666666666666,0.5866666666666631,25.59999999999993,1.5235063511488662,0.0488732444444438
3,3,3,9,0.0416666666666666,0.1356666666666666,0.8000000000000007,17.066666666667007,1.2608951943293205,0.0908800000000001
4,4,4,12,0.0541666666666666,0.149,1.0666666666666715,21.33333333333367,0.9536388917319667,0.1615644444444459
5,5,5,15,0.0666666666666666,0.1643333333333333,1.226666666666665,12.799999999999482,0.6595708618835396,0.2136689777777771
6,6,6,18,0.0791666666666666,0.182,1.4133333333333356,14.933333333333646,0.39646285115725427,0.2836465777777786
7,7,7,21,0.0916666666666666,0.2003333333333333,1.4666666666666637,4.266666666666247,0.2037545320955091,0.3054577777777765
8,8,8,24,0.1041666666666666,0.2193333333333333,1.5199999999999996,4.266666666666873,0.08085745341799931,0.3280767999999998
