,time,position,speed,acceleration
0,0.0041666666666666,0.115,,
5,0.0249999999999999,0.1193333333333333,0.20799999999999874,
10,0.0458333333333333,0.138,0.895999999999999,33.02399999999991
15,0.0666666666666666,0.1643333333333333,1.2640000000000005,17.6640000000001
20,0.0875,0.1946666666666666,1.4559999999999937,9.21599999999965
25,0.1083333333333333,0.2226666666666666,1.3440000000000019,-5.375999999999618
30,0.1291666666666666,0.2556666666666666,1.5840000000000025,11.52000000000005
35,0.15,0.2833333333333333,1.3279999999999987,-12.288000000000142
